{
  "version": "v2",
  "generated_at": "2026-07-16T21:47:20.232853",
  "weights": {
    "criteria_pass_rate": 0.25,
    "specificity": 0.2,
    "actionability": 0.2,
    "structure": 0.15,
    "depth": 0.1,
    "voice": 0.1
  },
  "overall": {
    "with_skill_mean": 0.6319147782852373,
    "without_skill_mean": 0.5591271400835179,
    "delta_mean": 0.0727876382017194,
    "delta_median": 0.08064210695658061,
    "delta_stdev": 0.08176568206417993,
    "task_count": 30,
    "positive_delta_count": 23,
    "negative_delta_count": 7,
    "zero_delta_count": 0
  },
  "by_skill": {
    "cro": {
      "with_skill_mean": 0.7743857421337058,
      "without_skill_mean": 0.7528386243623686,
      "delta_mean": 0.021547117771337276,
      "delta_median": 0.010366650305493663,
      "task_count": 10,
      "dimension_deltas": {
        "criteria_pass_rate": 0.14,
        "specificity": 0.009999999999999998,
        "actionability": -0.055833333333333346,
        "structure": 0.0,
        "depth": 0.0041378443800395796,
        "voice": -0.04700000000000001,
        "composite": 0.021547117771337276
      },
      "task_ids": [
        "cro_001",
        "cro_002",
        "cro_003",
        "cro_004",
        "cro_005",
        "cro_006",
        "cro_007",
        "cro_008",
        "cro_009",
        "cro_010"
      ]
    },
    "copywriting": {
      "with_skill_mean": 0.6202342485894361,
      "without_skill_mean": 0.511558808136806,
      "delta_mean": 0.10867544045263006,
      "delta_median": 0.1327064448659631,
      "task_count": 10,
      "dimension_deltas": {
        "criteria_pass_rate": 0.26999999999999996,
        "specificity": 0.053333333333333385,
        "actionability": 0.08499999999999999,
        "structure": -0.020000000000000007,
        "depth": 0.1830877378596343,
        "voice": -0.017999999999999995,
        "composite": 0.10867544045263006
      },
      "task_ids": [
        "copy_001",
        "copy_002",
        "copy_003",
        "copy_004",
        "copy_005",
        "copy_006",
        "copy_007",
        "copy_008",
        "copy_009",
        "copy_010"
      ]
    },
    "cold-email": {
      "with_skill_mean": 0.5011243441325699,
      "without_skill_mean": 0.41298398775137907,
      "delta_mean": 0.08814035638119089,
      "delta_median": 0.08178250047054392,
      "task_count": 10,
      "dimension_deltas": {
        "criteria_pass_rate": 0.05818181818181818,
        "specificity": 0.0050000000000000044,
        "actionability": 0.015,
        "structure": 0.49,
        "depth": 0.22494901835736342,
        "voice": -0.264,
        "composite": 0.08814035638119089
      },
      "task_ids": [
        "cold_001",
        "cold_002",
        "cold_003",
        "cold_004",
        "cold_005",
        "cold_006",
        "cold_007",
        "cold_008",
        "cold_009",
        "cold_010"
      ]
    }
  },
  "per_task": {
    "cro_001": {
      "skill": "cro",
      "with_composite": 0.7385189873417721,
      "without_composite": 0.7501229508196721,
      "delta": -0.011603963477899937,
      "dimension_deltas": {
        "criteria_pass_rate": -0.09999999999999998,
        "specificity": 0.0,
        "actionability": 0.04999999999999993,
        "structure": 0.0,
        "depth": 0.03396036522100021,
        "voice": 0.0,
        "composite": -0.011603963477899937
      }
    },
    "cro_002": {
      "skill": "cro",
      "with_composite": 0.6915596330275229,
      "without_composite": 0.7907074074074074,
      "delta": -0.09914777437988453,
      "dimension_deltas": {
        "criteria_pass_rate": -0.20000000000000007,
        "specificity": 0.0,
        "actionability": -0.06666666666666665,
        "structure": 0.0,
        "depth": -0.05814441046551133,
        "voice": -0.30000000000000004,
        "composite": -0.09914777437988453
      }
    },
    "cro_003": {
      "skill": "cro",
      "with_composite": 0.8121209677419354,
      "without_composite": 0.7644506802721088,
      "delta": 0.0476702874698266,
      "dimension_deltas": {
        "criteria_pass_rate": 0.20000000000000007,
        "specificity": 0.0,
        "actionability": 0.033333333333333326,
        "structure": 0.0,
        "depth": 0.030036208031599787,
        "voice": -0.12,
        "composite": 0.0476702874698266
      }
    },
    "cro_004": {
      "skill": "cro",
      "with_composite": 0.7343115942028985,
      "without_composite": 0.7469090909090907,
      "delta": -0.012597496706192257,
      "dimension_deltas": {
        "criteria_pass_rate": 0.20000000000000007,
        "specificity": 0.0,
        "actionability": -0.25,
        "structure": 0.0,
        "depth": 0.04402503293807636,
        "voice": -0.17000000000000004,
        "composite": -0.012597496706192257
      }
    },
    "cro_005": {
      "skill": "cro",
      "with_composite": 0.7653934911242604,
      "without_composite": 0.7925000000000001,
      "delta": -0.027106508875739732,
      "dimension_deltas": {
        "criteria_pass_rate": 0.4,
        "specificity": 0.0,
        "actionability": -0.65,
        "structure": 0.0,
        "depth": -0.0910650887573965,
        "voice": 0.12,
        "composite": -0.027106508875739732
      }
    },
    "cro_006": {
      "skill": "cro",
      "with_composite": 0.7896355932203388,
      "without_composite": 0.7640897435897436,
      "delta": 0.025545849630595252,
      "dimension_deltas": {
        "criteria_pass_rate": 0.09999999999999998,
        "specificity": 0.0,
        "actionability": 0.0,
        "structure": 0.0,
        "depth": 0.005458496305953964,
        "voice": 0.0,
        "composite": 0.025545849630595252
      }
    },
    "cro_007": {
      "skill": "cro",
      "with_composite": 0.8451820512820513,
      "without_composite": 0.6644782608695652,
      "delta": 0.18070379041248608,
      "dimension_deltas": {
        "criteria_pass_rate": 0.7,
        "specificity": 0.0,
        "actionability": 0.0,
        "structure": 0.0,
        "depth": 0.05703790412486065,
        "voice": 0.0,
        "composite": 0.18070379041248608
      }
    },
    "cro_008": {
      "skill": "cro",
      "with_composite": 0.7946274509803921,
      "without_composite": 0.79944,
      "delta": -0.004812549019607926,
      "dimension_deltas": {
        "criteria_pass_rate": -0.20000000000000007,
        "specificity": 0.09999999999999998,
        "actionability": 0.125,
        "structure": 0.0,
        "depth": 0.0018745098039215646,
        "voice": 0.0,
        "composite": -0.004812549019607926
      }
    },
    "cro_009": {
      "skill": "cro",
      "with_composite": 0.8042203389830509,
      "without_composite": 0.7737124999999999,
      "delta": 0.030507838983050983,
      "dimension_deltas": {
        "criteria_pass_rate": 0.10000000000000009,
        "specificity": 0.0,
        "actionability": 0.0,
        "structure": 0.0,
        "depth": 0.0550783898305085,
        "voice": 0.0,
        "composite": 0.030507838983050983
      }
    },
    "cro_010": {
      "skill": "cro",
      "with_composite": 0.7682873134328358,
      "without_composite": 0.6819756097560976,
      "delta": 0.08631170367673824,
      "dimension_deltas": {
        "criteria_pass_rate": 0.19999999999999996,
        "specificity": 0.0,
        "actionability": 0.19999999999999996,
        "structure": 0.0,
        "depth": -0.036882963232617416,
        "voice": 0.0,
        "composite": 0.08631170367673824
      }
    },
    "copy_001": {
      "skill": "copywriting",
      "with_composite": 0.6772706935123042,
      "without_composite": 0.5284620462046205,
      "delta": 0.14880864730768373,
      "dimension_deltas": {
        "criteria_pass_rate": 0.39999999999999997,
        "specificity": 0.050000000000000044,
        "actionability": 0.06666666666666667,
        "structure": 0.19999999999999996,
        "depth": -0.015246860256495465,
        "voice": -0.030000000000000027,
        "composite": 0.14880864730768373
      }
    },