{
  "generated_at": "2026-07-16T21:48:06.903245",
  "filters": {
    "min_delta": 0.05,
    "min_chosen_composite": 0.3,
    "max_rejected_composite": 0.7,
    "min_specificity_delta": -0.1,
    "min_word_count": 30
  },
  "total_pairs": 17,
  "total_skipped": 13,
  "skip_reasons": {
    "no_grading": 0,
    "below_min_delta": 13,
    "chosen_too_low": 0,
    "rejected_too_high": 0,
    "specificity_issue": 0,
    "too_short": 0,
    "duplicate_prompt": 0
  },
  "by_skill": {
    "copywriting": {
      "count": 8,
      "avg_delta": 0.14729760585424911,
      "avg_chosen": 0.635617810736795,
      "avg_rejected": 0.488320204882546
    },
    "cold-email": {
      "count": 7,
      "avg_delta": 0.11135036847321962,
      "avg_chosen": 0.5199898314946703,
      "avg_rejected": 0.4086394630214506
    },
    "cro": {
      "count": 2,
      "avg_delta": 0.13350774704461216,
      "avg_chosen": 0.8067346823574435,
      "avg_rejected": 0.6732269353128314
    }
  },
  "quality_stats": {
    "avg_delta": 0.13087346589622084,
    "avg_chosen_score": 0.6081376865336435,
    "avg_rejected_score": 0.4772642206374227,
    "min_delta": 0.05066666666666669,
    "max_delta": 0.20328452453058754
  }
}